url,primary_keyword,search_intent_type,audience,h1,intent_summary,key_subtopics,primary_cta
/,BIM cost carbon and risk platform,commercial/navigational,All,"One Model. Complete Project Intelligence.",Understand the integrated platform and self-select a relevant pathway,"value prop; objective+org selector; how model becomes intelligence; 5 modes; outputs; evidence/limits",See how it works
/platform,BIM project intelligence platform,commercial,Evaluators wanting the full picture,Integrated BIM project intelligence platform,Complete platform architecture for visitors who want everything,"4 intelligence layers; data flow; IFC GlobalId spine; capability status; integration",Request a demonstration
/bim-ifc-model-analysis,BIM model analysis software,informational/commercial,BIM managers/consultants,BIM and IFC model analysis,Validate structure and extract geometry/semantics,"IFC validation; spatial hierarchy; element extraction; what model contains",See property extraction
/ifc-property-extraction,IFC property extraction,informational,BIM/data managers,IFC property extraction,Extract properties/classifications/element data,"property sets; classifications; entity types; GlobalId binding",See quantity takeoff
/bim-quantity-takeoff,BIM quantity takeoff software,commercial,Contractors/QS,BIM quantity takeoff,Produce model-based quantities and schedules,"read vs computed quantities; schedules; units; accuracy caveats",See cost estimation
/bim-cost-estimation,5D BIM cost estimation,commercial,Contractors/QS/developers,5D BIM cost estimation,iCost commercial intelligence from model quantities,"rate mapping; cost hotspots; material/labour/install; comparison; demo values",Request a cost demo
/bim-carbon-assessment,BIM embodied carbon assessment,commercial,Sustainability teams,BIM embodied carbon assessment,SustainZone embodied carbon from materials/quantities,"emission factors; modules; hotspots; alternatives; embodied vs whole-life",Request a carbon demo
/bim-information-gap-analysis,BIM information gap analysis,informational/commercial,BIM/data/asset managers,BIM information gap analysis,Identify missing/incomplete model data before it affects work,"completeness rules; severity; affected analysis; remediation",See how gaps affect cost/carbon/risk
/digital-twin-risk-modelling,Digital twin risk modelling,commercial,Insurance/aviation/asset,Digital twin risk modelling,Risk visualisation and scenario approach (concept demonstration),"risk heatmap; scenario approach; digital twin scope; demonstration status",See scenario modelling
/scenario-modelling,BIM scenario modelling,informational/commercial,Aviation/infrastructure/insurance,BIM scenario modelling,Specialist scenarios (fire/flood/access) on the model,"affected zones; routes; mitigation; demonstration not validated simulation",Request a scenario discussion
/solutions/contractors,BIM software for contractors,commercial,Contractors/QS,BIM cost and carbon software for contractors and QS,Quantity/cost/carbon workflow for tendering & delivery,"quantities; estimates; tender support; cost impacts; comparison",Request a model review
/solutions/asset-managers,BIM asset information management,commercial,Asset/FM,BIM asset information management,Asset data completeness & digital twin readiness,"asset properties; system mapping; completeness; readiness",Request an asset data review
/solutions/aviation,Airport digital twin risk modelling,commercial,Aviation/airport operators,Airport BIM risk and scenario modelling,Spatial/asset data + scenario & impact for airports,"spatial extraction; scenario modelling; affected assets; routes",Discuss an airport model
/solutions/transport-infrastructure,Infrastructure BIM risk and carbon,commercial,Transport/infrastructure,Infrastructure BIM cost carbon and risk,Assets/cost/carbon/resilience for infrastructure,"asset report; cost+carbon; route analysis; resilience",Discuss an infrastructure model
/solutions/insurance-risk,BIM asset risk assessment,commercial,Insurance/risk,BIM asset risk assessment for insurers,Vulnerability, impact & mitigation evidence,"vulnerability; affected assets; mitigation comparison; evidence",Request a risk evidence review
/solutions/sustainability,BIM carbon assessment for sustainability teams,commercial,Sustainability teams,BIM carbon assessment for sustainability teams,Embodied carbon pathways & reporting,"material carbon; hotspots; alternatives; assumptions",Request a carbon demo
/how-it-works,How BIM cost carbon and risk analysis works,informational,All,How it works,The complete process from model to outputs,"6-stage workflow; model->intelligence; what you receive",Try the 3D demo
/3d-demo,Interactive BIM cost carbon risk demo,interactive/commercial,All,Interactive BIM intelligence demo,Guided interactive demonstration of all modes,"selectable model; 5 modes; demonstration data; fallbacks",Request a demonstration
/resources,BIM cost carbon and digital twin resources,informational,All,Resources and guides,Useful guidance on IFC data quality, cost, carbon and risk,"IFC data quality; cost; carbon; risk explainers",Explore the platform
/about,iCost and SustainZone integrated platform,navigational/commercial,All,About iCost and SustainZone,Business and expertise behind the platform,"who we are; iCost+SustainZone roles; approach; values",Contact us
/contact,Request BIM platform demonstration,transactional,All,Request a demonstration,Start an enquiry / model discussion with context from selectors,"contact form; what to bring (model); what happens next",Submit enquiry
